﻿<?xml version="1.0" encoding="utf-8" ?>
<log4net>
  <appender name="RollingFile" type="log4net.Appender.RollingFileAppender">
    <file value="./log/IRFF.BusinessLogic_Service.log" />
    <appendToFile value="true" />
    <datePattern value="-yyyy-MM-dd" />
    <rollingStyle value="Date" />
    <layout type="log4net.Layout.PatternLayout">
      <conversionPattern value="%d %c %n%m%n%n" />
    </layout>
  </appender>

  <!--<appender name="EventLogAppender" type="log4net.Appender.EventLogAppender" >
    <applicationName value="Service.NOMO" />
    <layout type="log4net.Layout.PatternLayout">
      <conversionPattern value="%m" />
    </layout>
  </appender>-->

  <root>
    <level value="DEBUG" />
    <appender-ref ref="RollingFile" />
    <appender-ref ref="EventLogAppender" />
  </root>

</log4net>